code_name,Molecule,ESOL predicted log solubility in mols per litre,Minimum Degree,Molecular Weight,Number of H-Bond Donors,Number of Rings,Number of Rotatable Bonds,Polar Surface Area,measured log solubility in mols per litre,smiles
mol_1,Amigdalin,-0.974,1,457.432,7,3,7,202.32,-0.77,OCC3OC(OCC2OC(OC(C#N)c1ccccc1)C(O)C(O)C2O)C(O)C(O)C3O 
mol_2,Fenfuram,-2.885,1,201.225,1,2,2,42.24,-3.3,Cc1occc1C(=O)Nc2ccccc2
mol_3,citral,-2.579,1,152.237,0,0,4,17.07,-2.06,CC(C)=CCCC(C)=CC(=O)
mol_4,Picene,-6.618,2,278.354,0,5,0,0,-7.87,c1ccc2c(c1)ccc3c2ccc4c5ccccc5ccc43
mol_5,Thiophene,-2.232,2,84.143,0,1,0,0,-1.33,c1ccsc1
mol_6,benzothiazole,-2.733,2,135.191,0,2,0,12.89,-1.5,c2ccc1scnc1c2 
mol_7,"2,2,4,6,6'-PCB",-6.545,1,326.437,0,2,1,0,-7.32,Clc1cc(Cl)c(c(Cl)c1)c2c(Cl)cccc2Cl
mol_8,Estradiol,-4.138,1,272.388,2,4,0,40.46,-5.03,CC12CCC3C(CCc4cc(O)ccc34)C2CCC1O
mol_9,Dieldrin,-4.533,1,380.913,0,5,0,12.53,-6.29,ClC4=C(Cl)C5(Cl)C3C1CC(C2OC12)C3C4(Cl)C5(Cl)Cl
mol_10,Rotenone,-5.246,1,394.423,0,5,3,63.22,-4.42,COc5cc4OCC3Oc2c1CC(Oc1ccc2C(=O)C3c4cc5OC)C(C)=C 
mol_11,2-pyrrolidone,0.243,1,85.106,1,1,0,29.1,1.07,O=C1CCCN1
mol_12,2-Chloronapthalene,-4.063,1,162.619,0,2,0,0,-4.14,Clc1ccc2ccccc2c1
mol_13,1-Pentene ,-2.01,1,70.135,0,0,2,0,-2.68,CCCC=C
mol_14,Primidone,-1.897,1,218.256,2,2,2,58.2,-2.64,CCC1(C(=O)NCNC1=O)c2ccccc2
mol_15,Tetradecane,-5.45,1,198.394,0,0,11,0,-7.96,CCCCCCCCCCCCCC
mol_16,2-Chloropropane,-1.585,1,78.542,0,0,0,0,-1.41,CC(C)Cl
mol_17,2-Methylbutanol,-1.027,1,88.15,1,0,2,20.23,-0.47,CCC(C)CO
mol_18,Benzonitrile,-2.03,1,103.124,0,1,0,23.79,-1,N#Cc1ccccc1
mol_19,Diazinon,-3.989,1,304.352,0,1,7,53.47,-3.64,CCOP(=S)(OCC)Oc1cc(C)nc(n1)C(C)C
mol_20,2-Undecanol,-3.096,1,172.312,1,0,8,20.23,-2.94,CCCCCCCCCC(C)O
mol_21,"2,2',3,4,6-PCB",-6.627,1,326.437,0,2,1,0,-7.43,Clc1ccc(c(Cl)c1)c2c(Cl)ccc(Cl)c2Cl 
mol_22,Lenacil,-3.355,1,234.299,1,3,1,54.86,-4.594,O=c2[nH]c1CCCc1c(=O)n2C3CCCCC3
mol_23,Phorate,-3.747,1,260.386,0,0,8,18.46,-4.11,CCOP(=S)(OCC)SCSCC
mol_24,Phenacetin,-2.342,1,179.219,1,1,3,38.33,-2.35,CCOc1ccc(NC(=O)C)cc1
mol_25,Dinitramine,-4.479,1,322.243,1,1,5,115.54,-5.47,CCN(CC)c1c(cc(c(N)c1N(=O)=O)C(F)(F)F)N(=O)=O
mol_26,1-Heptanol,-1.751,1,116.204,1,0,5,20.23,-1.81,CCCCCCCO
mol_27,Theophylline,-1.452,1,180.167,1,2,0,72.68,-1.39,Cn1c(=O)n(C)c2nc[nH]c2c1=O
mol_28,Butethal,-1.974,1,212.249,2,1,4,75.27,-1.661,CCCCC1(CC)C(=O)NC(=O)NC1=O
mol_29,"P,P'-DDE",-6.553,1,318.03,0,2,2,0,-6.9,ClC(Cl)=C(c1ccc(Cl)cc1)c2ccc(Cl)cc2
mol_30,Methyl octanoate,-2.608,1,158.241,0,0,6,26.3,-3.17,CCCCCCCC(=O)OC
mol_31,"1,4-Diethylbenzene ",-3.633,1,134.222,0,1,2,0,-3.75,CCc1ccc(CC)cc1
mol_32,Terbufos,-4.367,1,288.44,0,0,7,18.46,-4.755,CCOP(=S)(OCC)SCSC(C)(C)C
mol_33,Phenmedipham,-4.229,1,300.314,2,2,3,76.66,-4.805,COC(=O)Nc1cccc(OC(=O)Nc2cccc(C)c2)c1
mol_34,"1,1-Dichloroethylene",-1.939,1,96.944,0,0,0,0,-1.64,ClC(=C)Cl
mol_35,1-Methylfluorene,-4.478,1,180.25,0,3,0,0,-5.22,Cc1cccc2c1Cc3ccccc32
mol_36,Valeraldehyde,-1.103,1,86.134,0,0,3,17.07,-0.85,CCCCC=O
mol_37,Diphenylamine,-3.857,2,169.227,1,2,2,12.03,-3.504,N(c1ccccc1)c2ccccc2
mol_38,Fenothiocarb,-3.297,1,253.367,0,1,6,29.54,-3.927,CN(C)C(=O)SCCCCOc1ccccc1
mol_39,Piperophos,-4.637,1,353.49,0,1,9,38.77,-4.15,CCCOP(=S)(OCCC)SCC(=O)N1CCCCC1C
mol_40,1-Iodoheptane,-3.904,1,226.101,0,0,5,0,-4.81,CCCCCCCI
mol_41,3-Chlorobiphenyl,-4.685,1,188.657,0,2,1,0,-4.88,c1c(Cl)cccc1c2ccccc2
mol_42,4-Pentene-1-ol,-0.791,1,86.134,1,0,3,20.23,-0.15,OCCCC=C
mol_43,Cyclobutyl-5-spirobarbituric acid,-0.527,1,168.152,2,2,0,75.27,-1.655,O=C2NC(=O)C1(CCC1)C(=O)N2
mol_44,menthol,-2.782,1,156.269,1,1,1,20.23,-2.53,CC(C)C1CCC(C)CC1O 
mol_45,Isopropyl formate,-0.684,1,88.106,0,0,2,26.3,-0.63,CC(C)OC=O
mol_46,2-Heptanol ,-1.678,1,116.204,1,0,4,20.23,-1.55,CCCCCC(C)O
mol_47,p-Bromoacetanilide,-3.012,1,214.062,1,1,1,29.1,-3.083,CC(=O)Nc1ccc(Br)cc1
mol_48,brompyrazone,-3.005,1,266.098,1,2,1,60.91,-3.127,c1ccccc1n2ncc(N)c(Br)c2(=O)
mol_49,nifedipine,-4.248,1,346.339,1,2,4,107.77,-4.76,COC(=O)C1=C(C)NC(=C(C1c2ccccc2N(=O)=O)C(=O)OC)C 
mol_50,"2,7-dimethylquinoline",-3.342,1,157.216,0,2,0,12.89,-1.94,c2c(C)cc1nc(C)ccc1c2 
mol_51,1-Octyne ,-2.509,1,110.2,0,0,4,0,-3.66,CCCCCCC#C
mol_52,cyclobarbital,-2.421,1,236.271,2,2,2,75.27,-2.17,CCC1(C(=O)NC(=O)NC1=O)C2=CCCCC2 
mol_53,Chrysene,-5.568,2,228.294,0,4,0,0,-8.057,c1ccc2c(c1)ccc3c4ccccc4ccc23
mol_54,Bromacil,-3.419,1,261.119,1,1,2,54.86,-2.523,CCC(C)n1c(=O)[nH]c(C)c(Br)c1=O 
mol_55,"2,2',3,3',5,6-PCB",-7.185,1,360.882,0,2,1,0,-8.6,Clc1cccc(c1Cl)c2c(Cl)c(Cl)cc(Cl)c2Cl 
mol_56,2-Methylphenol,-2.281,1,108.14,1,1,0,20.23,-0.62,Cc1ccccc1O
mol_57,"2,2,5-Trimethylhexane",-3.631,1,128.259,0,0,2,0,-5.05,CC(C)CCC(C)(C)C
mol_58,"1,4-Dimethylnaphthalene ",-4.147,1,156.228,0,2,0,0,-4.14,Cc1ccc(C)c2ccccc12
mol_59,6-Methylchrysene,-5.931,1,242.321,0,4,0,0,-6.57,Cc1cc2c3ccccc3ccc2c4ccccc14
mol_60,2-Pentanone,-0.846,1,86.134,0,0,2,17.07,-0.19,CCCC(=O)C
mol_61,"2,2',3,3',5,5',6,6'-PCB",-8.304,1,429.772,0,2,1,0,-9.15,Clc1cc(Cl)c(Cl)c(c1Cl)c2c(Cl)c(Cl)cc(Cl)c2Cl 
mol_62,Methyl butyrate,-1.545,1,116.16,0,0,3,26.3,-0.82,CCCOC(=O)CC
mol_63,Triamcinolone,-2.734,1,394.439,4,4,2,115.06,-3.68,CC34CC(O)C1(F)C(CCC2=CC(=O)C=CC12C)C3CC(O)C4(O)C(=O)CO
mol_64,p-Aminophenol,-1.231,1,109.128,2,1,0,46.25,-0.8,Nc1ccc(O)cc1
mol_65,Benznidazole,-2.321,1,260.253,1,2,5,90.06,-2.81,O=C(Cn1ccnc1N(=O)=O)NCc2ccccc2
mol_66,"Atovaquone(0,430mg/ml) - neutral",-6.269,1,366.844,1,4,2,54.37,-5.931,OC4=C(C1CCC(CC1)c2ccc(Cl)cc2)C(=O)c3ccccc3C4=O
mol_67,Trietazine,-3.233,1,229.715,1,1,5,53.94,-4.06,CCNc1nc(Cl)nc(n1)N(CC)CC
mol_68,Pyrazinamide,-0.674,1,123.115,1,1,1,68.87,-0.667,NC(=O)c1cnccn1
mol_69,Carbromal,-2.198,1,237.097,2,0,3,72.19,-2.68,CCC(Br)(CC)C(=O)NC(N)=O
mol_70,"2,2'-PCB",-4.984,1,223.102,0,2,1,0,-5.27,Clc1ccccc1c2ccccc2Cl 
mol_71,nitrofurantoin,-1.243,1,238.159,1,2,3,118.05,-3.38,O=C2CN(N=Cc1ccc(o1)N(=O)=O)C(=O)N2 
mol_72,Nitrofen,-5.361,1,284.098,0,2,3,52.37,-5.46,Clc2ccc(Oc1ccc(cc1)N(=O)=O)c(Cl)c2
mol_73,Camphor,-2.158,1,152.237,0,2,0,17.07,-1.96,CC1(C)C2CCC1(C)C(=O)C2
mol_74,5-Allyl-5-phenylbarbital,-2.36,1,244.25,2,2,3,75.27,-2.369,O=C1NC(=O)NC(=O)C1(CC=C)c1ccccc1
mol_75,Pentyl propanoate,-1.899,1,130.187,0,0,4,26.3,-2.25,CCCCC(=O)OCC
mol_76,Isopentyl acetate,-1.817,1,130.187,0,0,3,26.3,-1.92,CC(C)CCOC(=O)C
mol_77,3-Hexanoyloxymethylphenyltoin,-4.153,1,380.444,1,3,8,75.71,-5.886,O=C1N(COC(=O)CCCCC)C(=O)C(N1)(c2ccccc2)c3ccccc3
mol_78,"2,3',5-PCB",-5.762,1,257.547,0,2,1,0,-6.01,Clc1cccc(c1)c2cc(Cl)ccc2Cl 
mol_79,1-Bromopropane,-1.949,1,122.993,0,0,1,0,-1.73,CCCBr
mol_80,Propiconazole,-4.603,1,342.226,0,3,5,49.17,-3.493,CCCC1COC(Cn2cncn2)(O1)c3ccc(Cl)cc3Cl
mol_81,Formothion,-2.087,1,257.273,0,0,6,55.84,-1.995,COP(=S)(OC)SCC(=O)N(C)C=O
mol_82,4-methylpteridine,-1.24,1,146.153,0,2,0,51.56,-0.466,Cc1ncnc2nccnc12
mol_83,Thiourea,0.329,1,76.124,2,0,0,52.04,0.32,NC(=S)N
mol_84,p-Xylene ,-3.035,1,106.168,0,1,0,0,-2.77,Cc1ccc(C)cc1
mol_85,"1,2-Diethylbenzene",-3.601,1,134.222,0,1,2,0,-3.28,CCc1ccccc1CC
mol_86,Hexachloroethane,-4.215,1,236.74,0,0,0,0,-3.67,ClC(Cl)(Cl)C(Cl)(Cl)Cl
mol_87,Flucythrinate,-6.878,1,451.469,0,3,9,68.55,-6.876,CC(C)C(C(=O)OC(C#N)c1cccc(Oc2ccccc2)c1)c3ccc(OC(F)F)cc3
mol_88,1-Nitropropane,-0.816,1,89.094,0,0,2,43.14,-0.8,CCCN(=O)=O
mol_89,Menthone,-2.516,1,154.253,0,1,1,17.07,-2.35,CC(C)C1CCC(C)CC1=O
mol_90,RTI 24,-4.423,1,273.723,1,3,1,45.23,-5.36,CCN2c1cc(Cl)ccc1NC(=O)c3cccnc23 
mol_91,"2,3-Dichloronitrobenzene",-3.322,1,192.001,0,1,1,43.14,-3.48,O=N(=O)c1c(Cl)c(Cl)ccc1
mol_92,thiamylal,-3.063,1,254.355,2,1,5,58.2,-3.46,CCCC(C)C1(CC=C)C(=O)NC(=S)NC1=O 
mol_93,Fluoranthene,-4.957,2,202.256,0,4,0,0,-6,c1ccc2c(c1)c3cccc4cccc2c34
mol_94,Propylisopropylether,-1.354,1,102.177,0,0,3,9.23,-1.34,CCCOC(C)C
mol_95,"1,3-Dimethylnaphthalene",-4.147,1,156.228,0,2,0,0,-4.29,Cc1cc(C)c2ccccc2c1
mol_96,diethylstilbestrol,-5.074,1,268.356,2,2,4,40.46,-4.07,CCC(=C(CC)c1ccc(O)cc1)c2ccc(O)cc2 
mol_97,Chlorothalonil,-3.995,1,265.914,0,1,0,47.58,-5.64,c1(C#N)c(Cl)c(C#N)c(Cl)c(Cl)c(Cl)1
mol_98,"2,3',4',5-PCB",-6.312,1,291.992,0,2,1,0,-7.25,Clc1ccc(Cl)c(c1)c2ccc(Cl)c(Cl)c2
mol_99,styrene oxide,-1.826,2,120.151,0,2,1,12.53,-1.6,C1OC1c2ccccc2 
mol_100,Isopropylbenzene ,-3.265,1,120.195,0,1,1,0,-3.27,CC(C)c1ccccc1
mol_101,Deoxycorticosterone,-3.939,1,330.468,1,4,2,54.37,-3.45,CC12CCC3C(CCC4=CC(=O)CCC34C)C2CCC1C(=O)CO
mol_102,chlorquinox,-4.438,1,267.93,0,2,0,25.78,-5.43,c2(Cl)c(Cl)c(Cl)c1nccnc1c2(Cl) 
mol_103,L-arabinose,0.601,1,150.13,4,1,0,90.15,0.39,C1OC(O)C(O)C(O)C1O
mol_104,Dichloromethane,-1.156,1,84.933,0,0,0,0,-0.63,ClCCl
mol_105,1-Ethylnaphthalene ,-4.1,1,156.228,0,2,1,0,-4.17,CCc1cccc2ccccc12
mol_106,Methyl formate,-0.048,1,60.052,0,0,1,26.3,0.58,COC=O
mol_107,o-Nitrophenol,-2.318,1,139.11,1,1,1,63.37,-1.74,Oc1ccccc1N(=O)=O
mol_108,thymine,-0.78,1,126.115,2,1,0,65.72,-1.506,Cc1c[nH]c(=O)[nH]c1=O 
mol_109,2-Methylpropane,-1.891,1,58.124,0,0,0,0,-2.55,CC(C)C
mol_110,Inosine,-0.834,1,268.229,4,3,2,133.75,-1.23,OCC1OC(C(O)C1O)n2cnc3c(O)ncnc23
mol_111,Ioxynil,-4.615,1,370.915,1,1,0,44.02,-3.61,Oc1c(I)cc(C#N)cc1I
mol_112,Niclosamide,-5.032,1,327.123,2,2,3,92.47,-4.7,Oc1ccc(Cl)cc1C(=O)Nc2ccc(cc2Cl)N(=O)=O
mol_113,Pentane,-2.261,1,72.151,0,0,2,0,-3.18,CCCCC
mol_114,Phenol,-1.991,1,94.113,1,1,0,20.23,0,c1ccccc1O
mol_115,2-aminoanthracene,-3.789,1,193.249,1,3,0,26.02,-5.17,Nc3ccc2cc1ccccc1cc2c3 
mol_116,theobromine,-1.05,1,180.167,1,2,0,72.68,-2.523,Cn1cnc2n(C)c(=O)[nH]c(=O)c12 
mol_117,Isoquinoline,-2.531,2,129.162,0,2,0,12.89,-1.45,c1ccc2cnccc2c1
mol_118,Anilofos,-5.106,1,367.86,0,1,7,38.77,-4.432,COP(=S)(OC)SCC(=O)N(C(C)C)c1ccc(Cl)cc1
mol_119,Hexylbenzene ,-4.22,1,162.276,0,1,5,0,-5.21,CCCCCCc1ccccc1
mol_120,2-Chlorobiphenyl,-4.528,1,188.657,0,2,1,0,-4.54,Clc1ccccc1c2ccccc2
mol_121,2-Methyl-1-Pentene,-2.348,1,84.162,0,0,2,0,-3.03,CCCC(=C)C
mol_122,"2,3,4-Trimethylpentane",-3.276,1,114.232,0,0,2,0,-4.8,CC(C)C(C)C(C)C
mol_123,Pentachlorobenzene,-5.168,1,250.339,0,1,0,0,-5.65,Clc1cc(Cl)c(Cl)c(Cl)c1Cl
mol_124,m-Nitrophenol,-2.318,1,139.11,1,1,1,63.37,-1.01,Oc1cccc(c1)N(=O)=O
mol_125,1-Decene,-3.781,1,140.27,0,0,7,0,-5.51,CCCCCCCCC=C
mol_126,Glyceryl triacetate,-1.285,1,218.205,0,0,5,78.9,-0.6,CC(=O)OCC(COC(=O)C)OC(=O)C
mol_127,dimethirimol,-3.57,1,209.293,1,1,4,49.25,-2.24,CCCCc1c(C)nc(nc1O)N(C)C 
mol_128,Cyfluthrin,-6.84,1,434.294,0,3,6,59.32,-7.337,CC1(C)C(C=C(Cl)Cl)C1C(=O)OC(C#N)c2ccc(F)c(Oc3ccccc3)c2
mol_129,Pyridine,-1.481,2,79.102,0,1,0,12.89,0.76,c1ccncc1
mol_130,1-Bromoheptane,-3.366,1,179.101,0,0,5,0,-4.43,CCCCCCCBr
mol_131,"3,4-Dimethylpyridine",-2.067,1,107.156,0,1,0,12.89,0.36,Cc1ccncc1C
mol_132,Fludrocortisone,-3.172,1,380.456,3,4,2,94.83,-3.43,CC34CC(O)C1(F)C(CCC2=CC(=O)CCC12C)C3CCC4(O)C(=O)CO 
mol_133,ethiofencarb,-2.855,1,225.313,1,1,4,38.33,-2.09,CCSCc1ccccc1OC(=O)NC 
mol_134,Malonic acid diethylester,-1.413,1,160.169,0,0,4,52.6,-0.82,CCOC(=O)CC(=O)OCC
mol_135,d-Limonene,-3.429,1,136.238,0,1,1,0,-4.26,CC1=CCC(CC1)C(C)=C
mol_136,Indan,-3.057,2,118.179,0,2,0,0,-3.04,C1Cc2ccccc2C1
mol_137,p-t-Butylphenol,-3.192,1,150.221,1,1,0,20.23,-2.41,CC(C)(C)c1ccc(O)cc1
mol_138,Cyclopropyl-5-spirobarbituric acid,-0.088,1,154.125,2,2,0,75.27,-1.886,O=C2NC(=O)C1(CC1)C(=O)N2 
mol_139,m-Chloroiodobenzene,-4.384,1,238.455,0,1,0,0,-3.55,Clc1cccc(I)c1
mol_140,1-Bromonapthalene,-4.434,1,207.07,0,2,0,0,-4.35,Brc1cccc2ccccc12
mol_141,trans-2-Pentene ,-2.076,1,70.135,0,0,1,0,-2.54,CC/C=C/C
mol_142,"2,6-Dimethylpyridine",-2.098,1,107.156,0,1,0,12.89,0.45,Cc1cccc(C)n1
mol_143,Trichloroethylene,-2.312,1,131.389,0,0,0,0,-1.96,ClC=C(Cl)Cl
mol_144,1-Napthylamine,-2.721,1,143.189,1,2,0,26.02,-1.92,Nc1cccc2ccccc12
mol_145,m-Xylene ,-3.035,1,106.168,0,1,0,0,-2.82,Cc1cccc(C)c1
mol_146,2-hydroxypteridine,-1.404,1,148.125,1,2,0,71.79,-1.947,Oc2ncc1nccnc1n2
mol_147,Methanol,0.441,1,32.042,1,0,0,20.23,1.57,CO
mol_148,Amobarbital,-2.312,1,226.276,2,1,4,75.27,-2.468,CCC1(CCC(C)C)C(=O)NC(=O)NC1=O
mol_149,2-Butanone,-0.491,1,72.107,0,0,1,17.07,0.52,CCC(=O)C
mol_150,5-fluorouracil,-0.792,1,130.078,2,1,0,65.72,-1.077,Fc1c[nH]c(=O)[nH]c1=O 
mol_151,tubercidin,-0.892,1,266.257,4,3,2,126.65,-1.95,Nc1ncnc2n(ccc12)C3OC(CO)C(O)C3O 
mol_152,"1,3-Benzenediol",-1.59,1,110.112,2,1,0,40.46,0.81,Oc1cccc(O)c1
mol_153,1-Hexanol,-1.397,1,102.177,1,0,4,20.23,-1.24,CCCCCCO
mol_154,1-Chloropentane,-2.294,1,106.596,0,0,3,0,-2.73,CCCCCCl
mol_155,"1,3-Butadiene",-1.376,1,54.092,0,0,1,0,-1.87,C=CC=C
mol_156,Propyl acetate,-1.125,1,102.133,0,0,2,26.3,-0.72,CCCOC(=O)C
mol_157,"5,6,7,8-tetrahydro-2-naphthol",-3.086,1,148.205,1,2,0,20.23,-1.99,Oc2ccc1CCCCc1c2 
mol_158,chloroacetamide,-0.106,1,93.513,1,0,1,43.09,-0.02,NC(=O)CCl 
mol_159,Iodofenphos,-6.148,1,413,0,1,4,27.69,-6.62,COP(=S)(OC)Oc1cc(Cl)c(I)cc1Cl
mol_160,4-Chlorotoluene,-3.297,1,126.586,0,1,0,0,-3.08,Cc1ccc(Cl)cc1
mol_161,Metribuzin,-2.324,1,214.294,1,1,1,73.8,-2.253,CSc1nnc(c(=O)n1N)C(C)(C)C
mol_162,Tricresyl phosphate,-6.39,1,368.369,0,3,6,44.76,-6.01,Cc1ccc(OP(=O)(Oc2cccc(C)c2)Oc3ccccc3C)cc1
mol_163,Caproaldehyde,-1.457,1,100.161,0,0,4,17.07,-1.3,CCCCCC=O
mol_164,Butamben,-3.039,1,193.246,1,1,4,52.32,-3.082,CCCCOC(=O)c1ccc(N)cc1
mol_165,RTI 3,-3.049,1,255.277,1,3,0,68.45,-3.043,O2c1cc(C)ccc1N(C)C(=O)c3cc(N)cnc23 
mol_166,Nerol,-2.603,1,154.253,1,0,4,20.23,-2.46,CC(C)=CCC/C(C)=C\CO
mol_167,"2,4'-PCB",-5.142,1,223.102,0,2,1,0,-5.28,Clc1ccc(cc1)c2ccccc2Cl 
mol_168,3-Octanoyloxymethylphenytoin,-4.84,1,408.498,1,3,10,75.71,-6.523,O=C1N(COC(=O)CCCCCCC)C(=O)C(N1)(c2ccccc2)c3ccccc3
mol_169,Nitroethane,-0.462,1,75.067,0,0,1,43.14,-0.22,CCN(=O)=O
mol_170,Ethalfluralin,-5.063,1,333.266,0,1,6,89.52,-6.124,CCN(CC(C)=C)c1c(cc(cc1N(=O)=O)C(F)(F)F)N(=O)=O
mol_171,"1,2,3,4-Tetrachlorobenzene",-4.546,1,215.894,0,1,0,0,-4.57,Clc1ccc(Cl)c(Cl)c1Cl
mol_172,Meprobamate,-1.376,1,218.253,2,0,6,104.64,-1.807,CCCC(C)(COC(N)=O)COC(N)=O 
mol_173,pregnenolone,-4.342,1,316.485,1,4,1,37.3,-4.65,CC(=O)C3CCC4C2CC=C1CC(O)CCC1(C)C2CCC34C 
mol_174,Iodomethane,-1.646,1,141.939,0,0,0,0,-1,CI
mol_175,cycloheximide,-1.532,1,281.352,2,2,3,83.47,-1.13,CC1CC(C)C(=O)C(C1)C(O)CC2CC(=O)NC(=O)C2 
mol_176,3-Heptanoyloxymethylphenytoin,-4.496,1,394.471,1,3,9,75.71,-6.301,O=C1N(COC(=O)CCCCCC)C(=O)C(N1)(c2ccccc2)c3ccccc3
mol_177,isophorone,-2.015,1,138.21,0,1,0,17.07,-1.06,CC1=CC(=O)CC(C)(C)C1 
mol_178,Butabarbital,-1.958,1,212.249,2,1,3,75.27,-2.39,O=C1NC(=O)NC(=O)C1(CC)C(C)CC
mol_179,5-Nonanone,-2.329,1,142.242,0,0,6,17.07,-2.58,CCCCC(=O)CCCC
mol_180,Glutethimide,-2.591,1,217.268,1,2,2,46.17,-2.337,CCC1(CCC(=O)NC1=O)c2ccccc2 
mol_181,3-Methylpentane,-2.6,1,86.178,0,0,2,0,-3.68,CCC(C)CC
mol_182,Etofenprox,-6.896,1,376.496,0,3,9,27.69,-8.6,CCOc1ccc(cc1)C(C)(C)COCc3cccc(Oc2ccccc2)c3
mol_183,Methaqualone,-3.881,1,250.301,0,3,1,34.89,-2.925,Cc1ccccc1n3c(C)nc2ccccc2c3=O
mol_184,Chloroacetonitrile,-0.448,1,75.498,0,0,0,23.79,-0.092,ClCC#N
mol_185,Trichloronate,-5.225,1,333.604,0,1,5,18.46,-5.752,CCOP(=S)(CC)Oc1cc(Cl)c(Cl)cc1Cl
mol_186,Ethisterone,-3.858,1,312.453,1,4,0,37.3,-5.66,CC12CCC(=O)C=C1CCC3C2CCC4(C)C3CCC4(O)C#C 
mol_187,Pyridazine,-0.619,2,80.09,0,1,0,25.78,1.1,c1ccnnc1
mol_188,"1,2,3,5-Tetrachlorobenzene",-4.621,1,215.894,0,1,0,0,-4.63,Clc1cc(Cl)c(Cl)c(Cl)c1
mol_189,Diosgenin,-5.681,1,414.63,1,6,0,38.69,-7.32,C1C(O)CCC2(C)CC3CCC4(C)C5(C)CC6OCC(C)CC6OC5CC4C3C=C21
mol_190,o-Aminophenol,-1.465,1,109.128,2,1,0,46.25,-0.72,Nc1ccccc1O
mol_191,Ethyl nonanoate,-3.316,1,186.295,0,0,8,26.3,-3.8,CCCCCCCCC(=O)OCC
mol_192,metalaxyl,-2.87,1,279.336,0,1,5,55.84,-1.601,COCC(=O)N(C(C)C(=O)OC)c1c(C)cccc1C 
mol_193,Propoxur,-2.409,1,209.245,1,1,3,47.56,-2.05,CNC(=O)Oc1ccccc1OC(C)C
mol_194,2-Chlorobutane,-1.94,1,92.569,0,0,1,0,-1.96,CCC(C)Cl
mol_195,2-Napthol,-3.08,1,144.173,1,2,0,20.23,-2.28,Oc1ccc2ccccc2c1
mol_196,Oxadiazon,-5.265,1,345.226,0,2,3,57.26,-5.696,CC(C)Oc1cc(c(Cl)cc1Cl)n2nc(oc2=O)C(C)(C)C
mol_197,1-Hexyne ,-1.801,1,82.146,0,0,2,0,-2.36,CCCCC#C
mol_198,1-Nonyne ,-2.864,1,124.227,0,0,5,0,-4.24,CCCCCCCC#C
mol_199,2-Chlorotoluene,-3.297,1,126.586,0,1,0,0,-3.52,Cc1ccccc1Cl
mol_200,Diisopropyl ether ,-1.281,1,102.177,0,0,2,9.23,-1.1,CC(C)OC(C)C
mol_201,Dapsone,-2.464,1,248.307,2,2,2,86.18,-3.094,Nc1ccc(cc1)S(=O)(=O)c2ccc(N)cc2
mol_202,Methyl hydrazine,0.543,1,46.073,2,0,0,38.05,1.34,CNN
mol_203,Propyne,-0.672,1,40.065,0,0,0,0,-0.41,CC#C
mol_204,Phoxim,-4.557,1,298.304,0,1,7,63.84,-4.862,CCOP(=S)(OCC)ON=C(C#N)c1ccccc1
mol_205,Propetamphos,-2.826,1,281.314,1,0,7,56.79,-3.408,CCNP(=S)(OC)OC(=CC(=O)OC(C)C)C
mol_206,Acrolein,-0.184,1,56.064,0,0,1,17.07,0.57,C=CC=O
mol_207,Hypoxanthine,-0.656,1,136.114,2,2,0,74.43,-2.296,O=c1[nH]cnc2nc[nH]c12 
mol_208,6-hydroxyquinoline,-2.725,1,145.161,1,2,0,33.12,-2.16,Oc2ccc1ncccc1c2 
mol_209,Fluorobenzene,-2.514,1,96.104,0,1,0,0,-1.8,Fc1ccccc1
mol_210,1-Chloropropane,-1.585,1,78.542,0,0,1,0,-1.47,CCCCl
mol_211,Ethyl acetate,-0.77,1,88.106,0,0,1,26.3,-0.04,CCOC(=O)C
mol_212,"2,2-Dimethylpentane",-2.938,1,100.205,0,0,1,0,-4.36,CCCC(C)(C)C
mol_213,Pentamethylbenzene,-3.993,1,148.249,0,1,0,0,-4,Cc1cc(C)c(C)c(C)c1C
mol_214,eucalyptol,-2.579,1,154.253,0,3,0,9.23,-1.64,CC12CCC(CC1)C(C)(C)O2 
mol_215,dibutyl sebacate,-4.726,1,314.466,0,0,15,52.6,-3.896,CCCCOC(=O)CCCCCCCCC(=O)OCCCC
mol_216,"4,4'-PCB",-5.299,1,223.102,0,2,1,0,-6.56,Clc1ccc(cc1)c2ccc(Cl)cc2 
mol_217,"2,3-Dimethylpyridine",-2.067,1,107.156,0,1,0,12.89,0.38,Cc1cccnc1C
mol_218,Carvone,-2.042,1,150.221,0,1,1,17.07,-2.06,CC(=C)C1CC=C(C)C(=O)C1
mol_219,Carbophenthion,-5.828,1,342.875,0,1,8,18.46,-5.736,CCOP(=S)(OCC)SCSc1ccc(Cl)cc1
mol_220,"Etoposide (148-167,25mg/ml)",-3.292,1,588.562,3,7,5,160.83,-3.571,COc1cc(cc(OC)c1O)C6C2C(COC2=O)C(OC4OC3COC(C)OC3C(O)C4O)c7cc5OCOc5cc67
mol_221,Perylene,-6.007,2,252.316,0,5,0,0,-8.804,c1cc2cccc3c4cccc5cccc(c(c1)c23)c54
mol_222,"2,4-Dinitrotoluene",-2.604,1,182.135,0,1,2,86.28,-2.82,Cc1ccc(cc1N(=O)=O)N(=O)=O
mol_223,2-bromonaphthalene,-4.434,1,207.07,0,2,0,0,-4.4,c1c(Br)ccc2ccccc12 
mol_224,Formetanate,-1.846,1,221.26,1,1,3,53.93,-2.34,CNC(=O)Oc1cccc(N=CN(C)C)c1
mol_225,6-methoxypteridine,-1.589,1,162.152,0,2,1,60.79,-1.139,COc2cnc1ncncc1n2
mol_226,nevirapine,-3.397,1,266.304,1,4,1,58.12,-3.19,Cc3ccnc4N(C1CC1)c2ncccc2C(=O)Nc34 
mol_227,Isazofos,-3.76,1,313.747,0,1,7,58.4,-3.658,CCOP(=S)(OCC)Oc1nc(Cl)n(n1)C(C)C
mol_228,"2-Methyl-1,3-Butadiene ",-1.714,1,68.119,0,0,1,0,-2.03,CC(=C)C=C
mol_229,linalool,-2.399,1,154.253,1,0,4,20.23,-1.99,CC(C)=CCCC(O)(C)C=C
mol_230,Fenthion,-4.265,1,278.335,0,1,5,27.69,-4.57,COP(=S)(OC)Oc1ccc(SC)c(C)c1
mol_231,Cyclohexanol ,-1.261,1,100.161,1,1,0,20.23,-0.44,OC1CCCCC1
mol_232,5-Allyl-5-methylbarbital,-1.013,1,182.179,2,1,2,75.27,-1.16,O=C1NC(=O)NC(=O)C1(C)CC=C
mol_233,Epiandrosterone,-3.882,1,290.447,1,4,0,37.3,-4.16,CC34CCC1C(CCC2CC(O)CCC12C)C3CCC4=O
mol_234,mannitol,0.647,1,182.172,6,0,5,121.38,0.06,OCC(O)C(O)C(O)C(O)CO 
mol_235,4-Methylbiphenyl,-4.424,1,168.239,0,2,1,0,-4.62,Cc1ccc(cc1)c2ccccc2
mol_236,Atrazine,-3.069,1,215.688,2,1,4,62.73,-3.85,CCNc1nc(Cl)nc(NC(C)C)n1
mol_237,Phenylthiourea,-1.701,1,152.222,2,1,1,38.05,-1.77,NC(=S)Nc1ccccc1
mol_238,4-Heptanone,-1.62,1,114.188,0,0,4,17.07,-1.3,CCCC(=O)CCC
mol_239,"3,3-Dimethyl-2-butanone",-1.25,1,100.161,0,0,0,17.07,-0.72,CC(=O)C(C)(C)C
mol_240,4-Chlorophenol ,-2.761,1,128.558,1,1,0,20.23,-0.7,Oc1ccc(Cl)cc1
mol_241,Cyclohexanone,-0.996,1,98.145,0,1,0,17.07,-0.6,O=C1CCCCC1
mol_242,m-Methylaniline,-1.954,1,107.156,1,1,0,26.02,-0.85,Cc1cccc(N)c1
mol_243,Trichloroacetonitrile,-2.019,1,144.388,0,0,0,23.79,-2.168,ClC(Cl)(Cl)C#N
mol_244,norflurazon,-4.029,1,303.671,1,2,2,46.92,-4.046,CNc2cnn(c1cccc(c1)C(F)(F)F)c(=O)c2Cl
mol_245,2-Decanone,-2.617,1,156.269,0,0,7,17.07,-3.3,CCCCCCCCC(=O)C
mol_246,Ipazine,-3.497,1,243.742,1,1,5,53.94,-3.785,CCN(CC)c1nc(Cl)nc(NC(C)C)n1
mol_247,Benzocaine,-2.383,1,165.192,1,1,2,52.32,-2.616,CCOC(=O)c1ccc(N)cc1
mol_248,"1,2,4-Trichlorobenzene",-4.083,1,181.449,0,1,0,0,-3.59,Clc1ccc(Cl)c(Cl)c1
mol_249,Triazolam,-3.948,1,343.217,0,4,1,43.07,-4.09,Cc3nnc4CN=C(c1ccccc1Cl)c2cc(Cl)ccc2n34
mol_250,"1,2-Benzenediol",-1.635,1,110.112,2,1,0,40.46,0.62,Oc1ccccc1O
mol_251,Reverse Transcriptase inhibitor 1,-2.794,1,254.293,0,3,1,49.33,-2.62,CCN2c1ncccc1N(C)C(=O)c3cccnc23 
mol_252,Dimethyl sulfide,-0.758,1,62.137,0,0,0,0,-0.45,CSC
mol_253,2-Bromotoluene,-3.667,1,171.037,0,1,0,0,-2.23,Cc1ccccc1Br
mol_254,O-Ethyl carbamate,-0.218,1,89.094,1,0,1,52.32,0.85,CCOC(=O)N
mol_255,megestrol acetate,-4.417,1,384.516,0,4,2,60.44,-5.35,CC(=O)OC3(CCC4C2C=C(C)C1=CC(=O)CCC1(C)C2CCC34C)C(C)=O 
mol_256,"2,4-Dimethyl-3-pentanol",-1.647,1,116.204,1,0,2,20.23,-1.22,CC(C)C(O)C(C)C
mol_257,Napthalene,-3.468,2,128.174,0,2,0,0,-3.6,c1ccc2ccccc2c1
mol_258,N-Ethylaniline,-2.389,1,121.183,1,1,2,12.03,-1.7,CCNc1ccccc1
mol_259,Phenytoin,-3.057,1,252.273,2,3,2,58.2,-4.097,O=C1NC(=O)C(N1)(c2ccccc2)c3ccccc3
mol_260,"7,12-Dimethylbenz(a)anthracene",-6.297,1,256.348,0,4,0,0,-7.02,Cc1c2ccccc2c(C)c3ccc4ccccc4c13
mol_261,Dialifor,-5.026,1,393.854,0,2,8,55.84,-6.34,CCOP(=S)(OCC)SC(CCl)N1C(=O)c2ccccc2C1=O
mol_262,Methoxychlor,-5.538,1,345.653,0,2,4,18.46,-6.89,COc1ccc(cc1)C(c2ccc(OC)cc2)C(Cl)(Cl)Cl
mol_263,TEFLUBENZURON,-5.462,1,381.112,2,2,2,58.2,-7.28,Fc1cccc(F)c1C(=O)NC(=O)Nc2cc(Cl)c(F)c(Cl)c2F 
mol_264,3-Pentanoyloxymethylphenytoin,-3.81,1,366.417,1,3,7,75.71,-4.678,O=C1N(COC(=O)CCCC)C(=O)C(N1)(c2ccccc2)c3ccccc3
mol_265,Monuron,-2.671,1,198.653,1,1,1,32.34,-2.89,CN(C)C(=O)Nc1ccc(Cl)cc1
mol_266,Flutriafol,-3.569,1,301.296,1,3,4,50.94,-3.37,OC(Cn1cncn1)(c2ccc(F)cc2)c3ccccc3F
mol_267,triamcinolone diacetate,-3.876,1,478.513,2,4,4,127.2,-4.13,CC(=O)OCC(=O)C3(O)C(CC4C2CCC1=CC(=O)C=CC1(C)C2(F)C(O)CC34C)OC(C)=O 
mol_268,1-Bromobutane,-2.303,1,137.02,0,0,2,0,-2.37,CCCCBr
mol_269,"1,2,4,5-Tetrabromobenzene",-6.001,1,393.698,0,1,0,0,-6.98,Brc1cc(Br)c(Br)cc1Br
mol_270,4-Methyl-2-pentanone,-1.184,1,100.161,0,0,2,17.07,-0.74,CC(C)CC(=O)C
mol_271,cycloate,-3.35,1,215.362,0,1,3,20.31,-3.4,CCSC(=O)N(CC)C1CCCCC1 
mol_272,4-Chloroanisole,-3.057,1,142.585,0,1,1,9.23,-2.78,COc1ccc(Cl)cc1
mol_273,Deltamethrin,-7.44,1,505.206,0,3,6,59.32,-8.402,CC1(C)C(C=C(Br)Br)C1C(=O)OC(C#N)c2cccc(Oc3ccccc3)c2
mol_274,Talbutal,-2.06,1,224.26,2,1,4,75.27,-2.016,CCC(C)C1(CC=C)C(=O)NC(=O)NC1=O
mol_275,Fenitrothion,-3.845,1,277.238,0,1,5,70.83,-4.04,COP(=S)(OC)Oc1ccc(N(=O)=O)c(C)c1
mol_276,1-Iodonapthalene,-4.889,1,254.07,0,2,0,0,-4.55,Ic1cccc2ccccc12
mol_277,Sorbitol,0.647,1,182.172,6,0,5,121.38,1.09,OCC(O)C(O)C(O)C(O)CO
mol_278,Ethanethiol,-0.968,1,62.137,1,0,0,0,-0.6,CCS
mol_279,"1,1,2-Trichloroethane",-1.961,1,133.405,0,0,1,0,-1.48,ClCC(Cl)Cl
mol_280,Pyrolan,-3.141,1,245.282,0,2,2,47.36,-2.09,CN(C)C(=O)Oc1cc(C)nn1c2ccccc2
mol_281,o-Hydroxybenzamide,-1.942,1,137.138,2,1,1,63.32,-1.82,NC(=O)c1ccccc1O
mol_282,o-Nitrotoluene,-2.589,1,137.138,0,1,1,43.14,-2.33,Cc1ccccc1N(=O)=O
mol_283,"5,5-Diisopropylbarbital",-1.942,1,212.249,2,1,2,75.27,-2.766,O=C1NC(=O)NC(=O)C1(C(C)C)C(C)C
mol_284,2-Ethyltoluene,-3.296,1,120.195,0,1,1,0,-3.21,CCc1ccccc1C
mol_285,1-Chloroheptane,-3.003,1,134.65,0,0,5,0,-4,CCCCCCCCl
mol_286,Barbital,-1.265,1,184.195,2,1,2,75.27,-2.4,O=C1NC(=O)NC(=O)C1(CC)CC
mol_287,Bibenzyl ,-4.301,2,182.266,0,2,3,0,-4.62,C(Cc1ccccc1)c2ccccc2
mol_288,"1,1,2,2-Tetrachloroethane",-2.549,1,167.85,0,0,1,0,-1.74,ClC(Cl)C(Cl)Cl
mol_289,RTI 23,-4.228,1,283.331,1,3,2,54.46,-5.153,CCN2c1cc(OC)cc(C)c1NC(=O)c3cccnc23 
mol_290,2-Methylphenanthrene,-4.87,1,192.261,0,3,0,0,-5.84,Cc1ccc2c(ccc3ccccc32)c1
mol_291,dibutylphthalate,-4.378,1,278.348,0,1,8,52.6,-4.4,CCCCOC(=O)c1ccccc1C(=O)OCCCC 
mol_292,tetrachloroguaiacol,-4.299,1,261.919,1,1,1,29.46,-4.02,COc1c(O)c(Cl)c(Cl)c(Cl)c1Cl 
mol_293,Dimecron,-2.426,1,299.691,0,0,8,65.07,0.523,CCN(CC)C(=O)C(=CCOP(=O)(OC)OC)Cl
mol_294,Equilin,-3.555,1,268.356,1,4,0,37.3,-5.282,CC34CCC1C(=CCc2cc(O)ccc12)C3CCC4=O
mol_295,Chlorimuron-ethyl (ph 7),-3.719,1,414.827,1,2,8,127.79,-4.576,CCOC(=O)c1ccccc1S(=O)(=O)NN(C=O)c2nc(Cl)cc(OC)n2
mol_296,p-Nitroanisole,-2.522,1,153.137,0,1,2,52.37,-2.41,COc1ccc(cc1)N(=O)=O
mol_297,1-Chlorohexane,-2.648,1,120.623,0,0,4,0,-3.12,CCCCCCCl
mol_298,"2,2',3,3',4,4',5,5'-PCB",-8.468,1,429.772,0,2,1,0,-9.16,Clc1cc(c(Cl)c(Cl)c1Cl)c2cc(Cl)c(Cl)c(Cl)c2Cl
mol_299,Raffinose,0.496,1,504.438,11,3,8,268.68,-0.41,OCC1OC(CO)(OC2OC(COC3OC(CO)C(O)C(O)C3O)C(O)C(O)C2O)C(O)C1O
mol_300,hexacosane,-9.702,1,366.718,0,0,23,0,-8.334,CCCCCCCCCCCCCCCCCCCCCCCCCC
mol_301,RTI 5,-3.471,1,253.305,0,3,1,36.44,-3.324,CCN2c1ccccc1N(C)C(=O)c3cccnc23 
mol_302,"1,1-Dichloroethane",-1.576,1,98.96,0,0,0,0,-1.29,CC(Cl)Cl
mol_303,Sulfanilamide,-0.954,1,172.209,2,1,1,86.18,-1.34,Nc1ccc(cc1)S(N)(=O)=O
mol_304,Isopropalin,-5.306,1,309.366,0,1,8,89.52,-6.49,CCCN(CCC)c1c(cc(cc1N(=O)=O)C(C)C)N(=O)=O
mol_305,Lindane,-4.009,1,290.832,0,1,0,0,-4.64,ClC1C(Cl)C(Cl)C(Cl)C(Cl)C1Cl
mol_306,Isofenphos,-4.538,1,345.401,1,1,8,56.79,-4.194,CCOP(=S)(NC(C)C)Oc1ccccc1C(=O)OC(C)C
mol_307,"1,2,3-Trichlorobenzene",-4.008,1,181.449,0,1,0,0,-4,Clc1cccc(Cl)c1Cl
mol_308,Tetrachloromethane,-2.607,1,153.823,0,0,0,0,-2.31,ClC(Cl)(Cl)Cl
mol_309,"3,4-Dichloronitrobenzene",-3.448,1,192.001,0,1,1,43.14,-3.2,O=N(=O)c1cc(Cl)c(Cl)cc1
mol_310,Cyclooctanol,-2.14,1,128.215,1,1,0,20.23,-1.29,OC1CCCCCCC1
mol_311,17a-Methyltestosterone,-4.073,1,302.458,1,4,0,37.3,-3.999,CC1(O)CCC2C3CCC4=CC(=O)CCC4(C)C3CCC21C
mol_312,Dulcin,-2.167,1,180.207,2,1,3,64.35,-2.17,CCOc1ccc(NC(N)=O)cc1
mol_313,"trans-1,4-Dimethylcyclohexane",-3.305,1,112.216,0,1,0,0,-4.47,C/C1CCC(\C)CC1
mol_314,"1,7-phenantroline",-2.994,2,180.21,0,3,0,25.78,-2.68,c1cnc2c(c1)ccc3ncccc23
mol_315,Methyl t-butyl ether ,-0.984,1,88.15,0,0,0,9.23,-0.24,COC(C)(C)C
mol_316,Anethole,-3.254,1,148.205,0,1,2,9.23,-3.13,COc1ccc(C=CC)cc1
mol_317,1-Hexadecanol,-4.94,1,242.447,1,0,14,20.23,-7,CCCCCCCCCCCCCCCCO
mol_318,uracil,-0.441,1,112.088,2,1,0,65.72,-1.488,O=c1cc[nH]c(=O)[nH]1 
mol_319,adenine,-1.255,1,135.13,2,2,0,80.48,-2.12,Nc1ncnc2nc[nH]c12 
mol_320,"2,2',3,4,5-PCB",-6.709,1,326.437,0,2,1,0,-7.21,Clc1cc(Cl)c(cc1Cl)c2cccc(Cl)c2Cl 
mol_321,Ancymidol,-2.181,1,256.305,1,3,4,55.24,-2.596,COc1ccc(cc1)C(O)(C2CC2)c3cncnc3 
mol_322,Benzo(b)fluoranthene,-6.007,2,252.316,0,5,0,0,-8.23,c1ccc2c(c1)c3cccc4c3c2cc5ccccc54
mol_323,Carbanilide,-3.611,1,212.252,2,2,2,41.13,-3.15,O=C(Nc1ccccc1)Nc2ccccc2
mol_324,phenobarbital,-2.272,1,232.239,2,2,2,75.27,-2.322,CCC1(C(=O)NC(=O)NC1=O)c2ccccc2 
mol_325,"2',3,4-PCB",-5.686,1,257.547,0,2,1,0,-6.29,Clc1ccc(cc1)c2cccc(Cl)c2Cl 
mol_326,Isoproturon,-2.867,1,206.289,1,1,2,32.34,-3.536,CC(C)c1ccc(NC(=O)N(C)C)cc1
mol_327,Azintamide,-2.231,1,259.762,0,1,5,46.09,-1.716,CCN(CC)C(=O)CSc1ccc(Cl)nn1
mol_328,"2,2-Dimethyl-1-butanol",-1.365,1,102.177,1,0,2,20.23,-1.04,CCC(C)(C)CO
mol_329,Ethyl pentanoate,-1.899,1,130.187,0,0,4,26.3,-1.75,CCCOC(=O)CCC
mol_330,"2,4,6-Trinitrotoluene",-2.606,1,227.132,0,1,3,129.42,-3.22,Cc1c(cc(cc1N(=O)=O)N(=O)=O)N(=O)=O
mol_331,Bensulide,-4.99,1,397.524,1,1,10,64.63,-4.2,CC(C)OP(=S)(OC(C)C)SCCNS(=O)(=O)c1ccccc1
mol_332,Cycloheptane,-2.916,2,98.189,0,1,0,0,-3.51,C1CCCCCC1
mol_333,Propyl formate,-0.757,1,88.106,0,0,3,26.3,-0.49,CCCOC=O
mol_334,2-Isopropyltoluene,-3.585,1,134.222,0,1,1,0,-3.76,CC(C)c1ccccc1C
mol_335,m-Chloroaniline,-2.392,1,127.574,1,1,0,26.02,-1.37,Nc1cccc(Cl)c1
mol_336,"2,4-Dimethylpentane",-2.938,1,100.205,0,0,2,0,-4.26,CC(C)CC(C)C
mol_337,Dibenzofurane,-4.201,2,168.195,0,3,0,13.14,-4.6,o1c2ccccc2c3ccccc13
mol_338,ethofumesate,-3.184,1,286.349,0,2,4,61.83,-3.42,CCOC2Oc1ccc(OS(C)(=O)=O)cc1C2(C)C
mol_339,Fluometuron,-3.065,1,232.205,1,1,1,32.34,-3.43,CN(C)C(=O)Nc1cccc(c1)C(F)(F)F
mol_340,Acridine,-3.846,2,179.222,0,3,0,12.89,-3.67,c3ccc2nc1ccccc1cc2c3
mol_341,Cortisone,-2.893,1,360.45,2,4,2,91.67,-3.11,CC12CC(=O)C3C(CCC4=CC(=O)CCC34C)C2CCC1(O)C(=O)CO
mol_342,glucose,0.501,1,180.156,5,1,1,110.38,0.74,OCC1OC(O)C(O)C(O)C1O
mol_343,3-Methylphenol,-2.313,1,108.14,1,1,0,20.23,-0.68,Cc1cccc(O)c1
mol_344,Indapamide,-4.345,1,365.842,2,3,3,92.5,-3.586,CC2Cc1ccccc1N2NC(=O)c3ccc(Cl)c(c3)S(N)(=O)=O 
mol_345,Lovastatin,-4.731,1,404.547,1,3,6,72.83,-6.005,CCC(C)C(=O)OC2CC(C)C=C3C=CC(C)C(CCC1CC(O)CC(=O)O1)C23 
mol_346,"1,4-Dinitrobenzene",-2.281,1,168.108,0,1,2,86.28,-3.39,O=N(=O)c1ccc(cc1)N(=O)=O
mol_347,Reposal,-2.781,1,262.309,2,3,2,75.27,-2.696,CCC1(C(=O)NC(=O)NC1=O)C2=CCC3CCC2C3
mol_348,Ethyl decanoate,-3.671,1,200.322,0,0,9,26.3,-4.1,CCCCCCCCCC(=O)OCC
mol_349,Fenuron,-1.847,1,164.208,1,1,1,32.34,-1.6,CN(C)C(=O)Nc1ccccc1
mol_350,Ethyl propyl ether,-1.072,1,88.15,0,0,3,9.23,-0.66,CCCOCC
mol_351,2-Propanol,-0.261,1,60.096,1,0,0,20.23,0.43,CC(C)O
mol_352,2-Methylnapthalene,-3.802,1,142.201,0,2,0,0,-3.77,Cc1ccc2ccccc2c1
mol_353,Chlorodibromethane,-2.54,1,208.28,0,0,0,0,-1.9,ClC(Br)Br
mol_354,Hexestrol,-4.854,1,270.372,2,2,5,40.46,-4.43,CCC(C(CC)c1ccc(O)cc1)c2ccc(O)cc2
mol_355,Malathion,-3.391,1,330.364,0,0,9,71.06,-3.37,CCOC(=O)CC(SP(=S)(OC)OC)C(=O)OCC
mol_356,Benzylchloride,-2.887,1,126.586,0,1,1,0,-2.39,ClCc1ccccc1
mol_357,t-Crotonaldehyde,-0.604,1,70.091,0,0,1,17.07,0.32,C/C=C/C=O
mol_358,Chlorbromuron,-3.938,1,293.548,1,1,2,41.57,-3.924,CON(C)C(=O)Nc1ccc(Br)c(Cl)c1
mol_359,"9,10-Dimethylanthracene",-5.228,1,206.288,0,3,0,0,-6.57,Cc1c2ccccc2c(C)c3ccccc13
mol_360,Methyl hexanoate,-1.899,1,130.187,0,0,4,26.3,-1.87,CCCCCC(=O)OC
mol_361,Dimefuron,-3.831,1,338.795,1,2,2,80.37,-4.328,CN(C)C(=O)Nc1ccc(c(Cl)c1)n2nc(oc2=O)C(C)(C)C
mol_362,p-Fluoroacetanilide,-2.181,1,153.156,1,1,1,29.1,-1.78,CC(=O)Nc1ccc(F)cc1
mol_363,alachlor,-3.319,1,269.772,0,1,6,29.54,-3.26,CCc1cccc(CC)c1N(COC)C(=O)CCl 
mol_364,Cyclohexene,-2.16,2,82.146,0,1,0,0,-2.59,C1CCC=CC1
mol_365,Hydrocortisone ,-3.159,1,362.466,3,4,2,94.83,-3.09,CC12CC(O)C3C(CCC4=CC(=O)CCC34C)C2CCC1(O)C(=O)CO
mol_366,Pyrimidine,-0.884,2,80.09,0,1,0,25.78,1.1,c1cncnc1
mol_367,p-Chloronitrobenzene,-2.901,1,157.556,0,1,1,43.14,-2.92,Clc1ccc(cc1)N(=O)=O
mol_368,Methyl propionate,-0.836,1,88.106,0,0,1,26.3,-0.14,CCC(=O)OC
mol_369,o-Chloronitrobenzene,-2.775,1,157.556,0,1,1,43.14,-2.55,Clc1ccccc1N(=O)=O
mol_370,Neburon,-4.157,1,275.179,1,1,4,32.34,-4.77,CCCCN(C)C(=O)Nc1ccc(Cl)c(Cl)c1
mol_371,Buthidazole,-2.398,1,256.331,1,2,1,69.56,-1.877,CN1CC(O)N(C1=O)c2nnc(s2)C(C)(C)C
mol_372,Nitrobenzene,-2.288,1,123.111,0,1,1,43.14,-1.8,O=N(=O)c1ccccc1
mol_373,Iodobenzene,-3.8,1,204.01,0,1,0,0,-3.01,Ic1ccccc1
mol_374,Metolazone,-3.777,1,365.842,2,3,2,92.5,-3.78,CC2Nc1cc(Cl)c(cc1C(=O)N2c3ccccc3C)S(N)(=O)=O 
mol_375,Methocarbamol,-1.428,1,241.243,2,1,6,91.01,-0.985,COc1ccccc1OCC(O)COC(N)=O
mol_376,butachlor,-4.347,1,311.853,0,1,9,29.54,-4.19,CCCCOCN(C(=O)CCl)c1c(CC)cccc1CC 
mol_377,"2,3-Dichlorophenol",-3.144,1,163.003,1,1,0,20.23,-1.3,Oc1cccc(Cl)c1Cl
mol_378,Propyl butyrate,-1.191,1,102.133,0,0,2,26.3,-1.92,CCCC(=O)OC
mol_379,Propanil,-3.644,1,218.083,1,1,2,29.1,-3,CCC(=O)Nc1ccc(Cl)c(Cl)c1
mol_380,Triamterene,-3.051,1,253.269,3,3,1,129.62,-2.404,Nc3nc(N)c2nc(c1ccccc1)c(N)nc2n3
mol_381,Ethyl hexanoate,-2.254,1,144.214,0,0,5,26.3,-2.35,CCCCCC(=O)OCC
mol_382,chloralose,-1.887,1,309.529,3,2,2,88.38,-1.84,OCC(O)C2OC1OC(OC1C2O)C(Cl)(Cl)Cl 
mol_383,Amitraz,-5.533,1,293.414,0,2,4,27.96,-5.47,CN(C=Nc1ccc(C)cc1C)C=Nc2ccc(C)cc2C
mol_384,Prometon,-3.448,1,225.296,2,1,5,71.96,-2.478,COc1nc(NC(C)C)nc(NC(C)C)n1
mol_385,1-Octene ,-3.073,1,112.216,0,0,5,0,-4.44,CCCCCCC=C
mol_386,p-Methylaniline ,-1.954,1,107.156,1,1,0,26.02,-1.21,Cc1ccc(N)cc1
mol_387,aminothiazole,-1.226,1,100.146,1,1,0,38.91,-0.36,Nc1nccs1 
mol_388,Metolcarb,-1.947,1,151.165,1,1,1,38.33,-1.803,c1ccccc1(OC(=O)NC)
mol_389,3-Hexanol,-1.324,1,102.177,1,0,3,20.23,-0.8,CCCC(O)CC
mol_390,9-anthrol,-4.148,1,194.233,1,3,0,20.23,-4.73,c3ccc2c(O)c1ccccc1cc2c3 
mol_391,2-Methylanthracene,-4.87,1,192.261,0,3,0,0,-6.96,Cc1ccc2cc3ccccc3cc2c1
mol_392,"1,2,3-Trimethylbenzene ",-3.312,1,120.195,0,1,0,0,-3.2,Cc1cccc(C)c1C
mol_393,Aminocarb,-2.677,1,208.261,1,1,2,41.57,-2.36,CNC(=O)Oc1ccc(N(C)C)c(C)c1
mol_394,2-Nonanol,-2.387,1,144.258,1,0,6,20.23,-2.74,CCCCCCCC(C)O
mol_395,Methyldymron,-3.863,1,268.36,1,2,3,32.34,-3.35,CN(C(=O)NC(C)(C)c1ccccc1)c2ccccc2
mol_396,3-Hexanone,-1.266,1,100.161,0,0,3,17.07,-0.83,CCCC(=O)CC
mol_397,bromoxynil,-3.793,1,276.915,1,1,0,44.02,-3.33,Oc1c(Br)cc(C#N)cc1Br 
mol_398,"3,4-PCB",-5.223,1,223.102,0,2,1,0,-6.39,Clc1ccc(cc1Cl)c2ccccc2 
mol_399,Mefenacet,-4.504,1,298.367,0,3,4,42.43,-4.873,CN(C(=O)COc1nc2ccccc2s1)c3ccccc3
mol_400,5-hydroxyquinoline,-2.725,1,145.161,1,2,0,33.12,-2.54,Oc1cccc2ncccc12 
mol_401,Carboxin,-2.927,1,235.308,1,2,2,38.33,-3.14,CC1=C(SCCO1)C(=O)Nc2ccccc2
mol_402,Ethoxyzolamide,-3.085,1,258.324,1,2,3,82.28,-3.81,CCOc2ccc1nc(sc1c2)S(N)(=O)=O 
mol_403,Pentachlorophenol,-4.835,1,266.338,1,1,0,20.23,-4.28,Oc1c(Cl)c(Cl)c(Cl)c(Cl)c1Cl
mol_404,Bromochloromethane,-1.519,1,129.384,0,0,0,0,-0.89,ClCBr
mol_405,metharbital,-1.658,1,198.222,1,1,2,66.48,-2.23,CCC1(CC)C(=O)NC(=O)N(C)C1=O 
mol_406,deoxycorticosterone acetate,-4.472,1,372.505,0,4,3,60.44,-4.63,CC(=O)OCC(=O)C3CCC4C2CCC1=CC(=O)CCC1(C)C2CCC34C 
mol_407,benzylurea,-1.509,1,150.181,2,1,2,55.12,-0.95,NC(=O)NCc1ccccc1 
mol_408,Chlortoluron,-3.048,1,212.68,1,1,1,32.34,-3.483,CN(C)C(=O)Nc1ccc(C)c(Cl)c1
mol_409,Linuron,-3.581,1,249.097,1,1,2,41.57,-3.592,CON(C)C(=O)Nc1ccc(Cl)c(Cl)c1
mol_410,Cycloheptanol,-1.7,1,114.188,1,1,0,20.23,-0.88,OC1CCCCCC1
mol_411,Thiamphenicol,-1.936,1,356.227,3,1,6,103.7,-2.154,CS(=O)(=O)c1ccc(cc1)C(O)C(CO)NC(=O)C(Cl)Cl 
mol_412,thiopental,-2.96,1,242.344,2,1,4,58.2,-3.36,CCCC(C)C1(CC)C(=O)NC(=S)NC1=O 
mol_413,acetazolamide,-0.793,1,222.251,2,1,2,115.04,-2.36,CC(=O)Nc1nnc(s1)S(N)(=O)=O 
mol_414,p-Nitrophenol,-2.318,1,139.11,1,1,1,63.37,-0.74,Oc1ccc(cc1)N(=O)=O
mol_415,Aldrin,-5.511,1,364.914,0,4,0,0,-6.307,ClC1=C(Cl)C2(Cl)C3C4CC(C=C4)C3C1(Cl)C2(Cl)Cl
mol_416,Tetrahydrofurane ,-0.62,2,72.107,0,1,0,9.23,0.49,C1CCOC1
mol_417,o-Nitroaniline,-2.277,1,138.126,1,1,1,69.16,-1.96,Nc1ccccc1N(=O)=O
mol_418,"2,2',3,3'-PCB",-6.079,1,291.992,0,2,1,0,-7.28,Clc1cccc(c1Cl)c2cccc(Cl)c2Cl
mol_419,phenylbutazone,-4.076,1,308.381,0,3,5,40.62,-3.81,CCCCC1C(=O)N(N(C1=O)c2ccccc2)c3ccccc3 
mol_420,"2,6-Dinitrotoluene",-2.553,1,182.135,0,1,2,86.28,-3,Cc1c(cccc1N(=O)=O)N(=O)=O
mol_421,Progesterone,-4.17,1,314.469,0,4,1,34.14,-4.42,CC(=O)C1CCC2C3CCC4=CC(=O)CCC4(C)C3CCC12C
mol_422,Chlorazine,-3.663,1,257.769,0,1,6,45.15,-4.411,CCN(CC)c1nc(Cl)nc(n1)N(CC)CC
mol_423,captafol,-4.365,1,349.066,0,2,3,37.38,-5.4,ClC(Cl)C(Cl)(Cl)SN2C(=O)C1CC=CCC1C2=O 
mol_424,"1,2,4-tribromobenzene",-5.144,1,314.802,0,1,0,0,-4.5,c1(Br)c(Br)cc(Br)cc1
mol_425,Oxazepam,-3.517,1,286.718,2,3,1,61.69,-3.952,OC3N=C(c1ccccc1)c2cc(Cl)ccc2NC3=O 
mol_426,Secobarbital,-2.415,1,238.287,2,1,5,75.27,-2.356,O=C1NC(=O)NC(=O)C1(C(C)CCC)CC=C
mol_427,Carvacrol,-3.224,1,150.221,1,1,1,20.23,-2.08,c1(O)c(C)ccc(C(C)C)c1
mol_428,rhodanine,-0.396,1,133.197,1,1,0,29.1,-1.77,C1SC(=S)NC1(=O)
mol_429,Morin,-2.731,1,302.238,5,3,1,131.36,-3.083,Oc1ccc(c(O)c1)c3oc2cc(O)cc(O)c2c(=O)c3O 
mol_430,Kepone,-5.112,1,490.639,0,6,0,17.07,-5.259,ClC1(C(=O)C2(Cl)C3(Cl)C14Cl)C5(Cl)C2(Cl)C3(Cl)C(Cl)(Cl)C45Cl
mol_431,Disulfiram,-3.862,1,296.552,0,0,4,6.48,-4.86,CCN(CC)C(=S)SSC(=S)N(CC)CC
mol_432,Cyclohexane,-2.477,2,84.162,0,1,0,0,-3.1,C1CCCCC1
mol_433,Dienochlor,-7.848,1,474.64,0,2,1,0,-7.278,ClC1=C(Cl)C(Cl)(C(=C1Cl)Cl)C2(Cl)C(=C(Cl)C(=C2Cl)Cl)Cl
mol_434,chlordimeform,-3.164,1,196.681,0,1,2,15.6,-2.86,CN(C)C=Nc1ccc(Cl)cc1C
mol_435,Equilenin,-3.927,1,266.34,1,4,0,37.3,-5.24,CC34CCc1c(ccc2cc(O)ccc12)C3CCC4=O
mol_436,1-Octanol,-2.105,1,130.231,1,0,6,20.23,-2.39,CCCCCCCCO
mol_437,Diethyl sulfide,-1.598,1,90.191,0,0,2,0,-1.34,CCSCC
mol_438,"1,2-Dichloroethane",-1.374,1,98.96,0,0,1,0,-1.06,ClCCCl
mol_439,2-Chloro-2-methylbutane,-2.278,1,106.596,0,0,1,0,-2.51,CCC(C)(C)Cl
mol_440,1-Chloro-2-bromoethane,-1.738,1,143.411,0,0,1,0,-1.32,ClCCBr
mol_441,p-Nitroaniline,-1.936,1,138.126,1,1,1,69.16,-2.37,Nc1ccc(cc1)N(=O)=O
mol_442,Lactose,1.071,1,342.297,8,2,4,189.53,-0.244,OCC1OC(OC2C(O)C(O)C(O)OC2CO)C(O)C(O)C1O
mol_443,RTI 2,-3.125,1,268.32,0,3,2,49.33,-2.86,CCN2c1ncccc1N(CC)C(=O)c3cccnc23 
mol_444,Chlorobenzene,-2.975,1,112.559,0,1,0,0,-2.38,Clc1ccccc1
mol_445,1-Nonene ,-3.427,1,126.243,0,0,6,0,-5.05,CCCCCCCC=C
mol_446,p-Bromoiodobenzene,-4.754,1,282.906,0,1,0,0,-4.56,Brc1ccc(I)cc1
mol_447,3-Methyl-3-pentanol,-1.308,1,102.177,1,0,2,20.23,-0.36,CCC(C)(O)CC
mol_448,Pentylbenzene,-3.899,1,148.249,0,1,4,0,-4.64,CCCCCc1ccccc1
mol_449,allantoin,0.652,1,158.117,4,1,1,113.32,-1.6,NC(=O)NC1NC(=O)NC1=O 
mol_450,Glafenine,-5.052,1,372.808,3,3,6,91.68,-4.571,OCC(O)COC(=O)c1ccccc1Nc2ccnc3cc(Cl)ccc23
mol_451,DDD,-6.008,1,320.046,0,2,3,0,-7.2,ClC(Cl)C(c1ccc(Cl)cc1)c2ccc(Cl)cc2
mol_452,testosterone acetate,-4.449,1,330.468,0,4,1,43.37,-5.184,CC(=O)OC3CCC4C2CCC1=CC(=O)CCC1(C)C2CCC34C 
mol_453,1-Chloronapthalene,-4.063,1,162.619,0,2,0,0,-3.93,Clc1cccc2ccccc12
mol_454,RTI 19,-4.007,1,252.317,0,3,1,23.55,-4.749,CCN2c1ccccc1N(C)C(=O)c3ccccc23 
mol_455,2-Hexanol,-1.324,1,102.177,1,0,3,20.23,-0.89,CCCCC(C)O
mol_456,Propylcyclopentane,-3.16,1,112.216,0,1,2,0,-4.74,CCCC1CCCC1
mol_457,Etomidate,-3.359,1,244.294,0,2,4,44.12,-4.735,CCOC(=O)c1cncn1C(C)c2ccccc2
mol_458,"3,4-Dichlorophenol",-3.352,1,163.003,1,1,0,20.23,-1.25,Oc1ccc(Cl)c(Cl)c1
mol_459,Cypermethrin,-6.775,1,416.304,0,3,6,59.32,-8.017,CC1(C)C(C=C(Cl)Cl)C1C(=O)OC(C#N)c2cccc(Oc3ccccc3)c2
mol_460,Benzoxazole,-2.214,2,119.123,0,2,0,26.03,-1.16,c2ccc1ocnc1c2
mol_461,1-Pentanol,-1.042,1,88.15,1,0,3,20.23,-0.6,CCCCCO
mol_462,"N,N-Diethylaniline",-3.16,1,149.237,0,1,3,3.24,-3.03,CCN(CC)c1ccccc1
mol_463,"1,3-Difluorobenzene",-2.636,1,114.094,0,1,0,0,-2,Fc1cccc(F)c1
mol_464,3-chloropropionitrile,-0.522,1,89.525,0,0,1,23.79,-0.29,ClCCC#N 
mol_465,t-Pentylbenzene,-3.867,1,148.249,0,1,1,0,-4.15,CC(C)(C)Cc1ccccc1
mol_466,5-Ethyl-5-phenylbarbital,-2.272,1,232.239,2,2,2,75.27,-2.322,O=C1NC(=O)NC(=O)C1(CC)c1ccccc1
mol_467,o-Chloroiodobenzene,-4.384,1,238.455,0,1,0,0,-3.54,Clc1ccccc1I
mol_468,Benzotriazole,-2.21,2,119.127,1,2,0,41.57,-0.78,c2ccc1[nH]nnc1c2
mol_469,Carbofuran,-3.05,1,221.256,1,2,1,47.56,-2.8,CNC(=O)Oc1cccc2CC(C)(C)Oc12
mol_470,"2,6-Dimethylphenol",-2.589,1,122.167,1,1,0,20.23,-1.29,Cc1cccc(C)c1O
mol_471,3-Methyl-2-butanol,-0.954,1,88.15,1,0,1,20.23,-0.18,CC(C)C(C)O
mol_472,benzhydrol,-3.033,1,184.238,1,2,2,20.23,-2.55,c1ccccc1C(O)c2ccccc2
mol_473,Methyl decanoate,-3.316,1,186.295,0,0,8,26.3,-4.69,CCCCCCCCCC(=O)OC
mol_474,Dicapthon,-4.188,1,297.656,0,1,5,70.83,-4.31,COP(=S)(OC)Oc1ccc(cc1Cl)N(=O)=O
mol_475,1-Bromo-2-methylpropane,-2.288,1,137.02,0,0,1,0,-2.43,CC(C)CBr
mol_476,Iodoethane,-2.066,1,155.966,0,0,0,0,-1.6,CCI
mol_477,Pirimicarb,-2.34,1,238.291,0,1,2,58.56,-1.95,CN(C)C(=O)Oc1nc(nc(C)c1C)N(C)C
mol_478,1-Bromohexane,-3.012,1,165.074,0,0,4,0,-3.81,CCCCCCBr
mol_479,2-Methylpentane,-2.6,1,86.178,0,0,2,0,-3.74,CCCC(C)C
mol_480,Tetrafluthrin,-6.339,1,418.736,0,2,4,26.3,-7.321,Cc1c(F)c(F)c(COC(=O)C2C(C=C(Cl)C(F)(F)F)C2(C)C)c(F)c1F
mol_481,Metolachlor,-3.431,1,283.799,0,1,6,29.54,-2.73,CCc1cccc(C)c1N(C(C)COC)C(=O)CCl 
mol_482,nifuroxime,-1.843,1,156.097,1,1,2,88.87,-2.19,ON=Cc1ccc(o1)N(=O)=O 
mol_483,Fluvalinate,-8.057,1,502.92,1,3,8,71.35,-8.003,CC(C)C(Nc1ccc(cc1Cl)C(F)(F)F)C(=O)OC(C#N)c2cccc(Oc3ccccc3)c2
mol_484,Amitrole,-0.674,1,84.082,2,1,0,67.59,0.522,Nc1nc[nH]n1
mol_485,Tribromomethane,-2.904,1,252.731,0,0,0,0,-1.91,BrC(Br)Br
mol_486,Trichlorfon,-1.866,1,257.437,1,0,3,55.76,-0.22,COP(=O)(OC)C(O)C(Cl)(Cl)Cl
mol_487,Phosalone,-5.024,1,367.816,0,2,7,53.6,-5.233,CCOP(=S)(OCC)SCn1c(=O)oc2cc(Cl)ccc12
mol_488,Phenylmethanol,-1.699,1,108.14,1,1,1,20.23,-0.4,OCc1ccccc1
mol_489,Coumatetralyl,-5.194,1,292.334,1,4,1,50.44,-2.84,O=c2c(C3CCCc4ccccc43)c(O)c1ccccc1o2 
mol_490,4-Bromophenol,-3.132,1,173.009,1,1,0,20.23,-1.09,Oc1ccc(Br)cc1
mol_491,2-Bromopropane,-1.949,1,122.993,0,0,0,0,-1.59,CC(C)Br
mol_492,"2,2,4-Trimethylpentane",-3.276,1,114.232,0,0,1,0,-4.74,CC(C)CC(C)(C)C
mol_493,"1,3,5-Trinitrobenzene",-2.324,1,213.105,0,1,3,129.42,-2.89,O=N(=O)c1cc(cc(c1)N(=O)=O)N(=O)=O
mol_494,Nimetazepam,-3.557,1,295.298,0,3,2,75.81,-3.796,CN2C(=O)CN=C(c1ccccc1)c3cc(ccc23)N(=O)=O
mol_495,Propane,-1.553,1,44.097,0,0,0,0,-1.94,CCC
mol_496,Minoxidil,-1.809,1,209.253,2,2,1,95.11,-1.989,Nc1cc(nc(N)n1=O)N2CCCCC2 
mol_497,1-aminoacridine,-3.542,1,194.237,1,3,0,38.91,-4.22,Nc2cccc3nc1ccccc1cc23 
mol_498,Benzo(k)fluoranthene,-6.007,2,252.316,0,5,0,0,-8.49,c1ccc2cc3c4cccc5cccc(c3cc2c1)c45
mol_499,Dicofol,-6.268,1,370.49,1,2,2,20.23,-5.666,OC(c1ccc(Cl)cc1)(c2ccc(Cl)cc2)C(Cl)(Cl)Cl
mol_500,Acenapthene,-3.792,2,154.212,0,3,0,0,-4.63,C1Cc2cccc3cccc1c23